{
  "voc_eval_res": {
    "precision": 72.1392,
    "recall": 92.8228,
    "f-score": 81.1843
  },
  "KL_res": {
    "KL divergence": 0.022226495596918555,
    "Euclidean Dist.": 0.009929673796427552,
    "WER": 0.09930035927496692,
    "CER": 0.0369619689830984,
    "Cosine Dist.": 0.0026570090470590113
  },
  "occ_eval_res": {
    "precision": 91.7385,
    "recall": 94.7736,
    "f-score": 93.2314
  },
  "clean_eval": {
    "f-score": 84.74850920404458,
    "precision": 86.8793854986179,
    "recall": 82.7196578601073,
    "tp": 130750,
    "fp": 19746,
    "fn": 27314
  },
  "jaccard": [
    0.5973451327433629
  ],
  "braycurtis": [
    0.06861333846949223
  ],
  "dice": [
    0.42586750788643535
  ],
  "cosinus": [
    0.0057419155989674175
  ]
}