{
  "voc_eval_res": {
    "precision": 54.641,
    "recall": 21.2969,
    "f-score": 30.6483
  },
  "KL_res": {
    "KL divergence": 2.2117472547274937,
    "Euclidean Dist.": 0.1506198258543342,
    "WER": 0.7477554510474562,
    "CER": 0.5579678201454705,
    "Cosine Dist.": 0.20651109251265032
  },
  "occ_eval_res": {
    "precision": 52.7964,
    "recall": 30.2693,
    "f-score": 38.4783
  },
  "clean_eval": {
    "f-score": 29.086744918408243,
    "precision": 23.206943809958887,
    "recall": 38.95705521472393,
    "tp": 508,
    "fp": 1681,
    "fn": 796
  },
  "jaccard": [
    0.5706946616037525
  ],
  "braycurtis": [
    0.30222294337173455
  ],
  "dice": [
    0.39928113767776213
  ],
  "cosinus": [
    0.09662402833365913
  ]
}