{
  "voc_eval_res": {
    "precision": 48.7805,
    "recall": 8.8261,
    "f-score": 14.9477
  },
  "KL_res": {
    "KL divergence": 3.0048277516246955,
    "Euclidean Dist.": 0.17220727022731228,
    "WER": 0.9044548651817116,
    "CER": 0.7311042220253912,
    "Cosine Dist.": 0.31685391552449815
  },
  "occ_eval_res": {
    "precision": 42.2827,
    "recall": 19.109,
    "f-score": 26.3222
  },
  "clean_eval": {
    "f-score": 7.619047619047619,
    "precision": 5.565638233514822,
    "recall": 12.073490813648293,
    "tp": 92,
    "fp": 1561,
    "fn": 670
  },
  "jaccard": [
    0.712516129032258
  ],
  "braycurtis": [
    0.43723069474703463
  ],
  "dice": [
    0.5534175185407897
  ],
  "cosinus": [
    0.15966986809418904
  ]
}