{
  "voc_eval_res": {
    "precision": 47.3171,
    "recall": 25.0646,
    "f-score": 32.7703
  },
  "KL_res": {
    "KL divergence": 2.2952399240636217,
    "Euclidean Dist.": 0.16996320823313568,
    "WER": 0.9789915966386554,
    "CER": 0.7779826664208003,
    "Cosine Dist.": 0.3863891566809341
  },
  "occ_eval_res": {
    "precision": 38.1487,
    "recall": 38.0952,
    "f-score": 38.1219
  },
  "clean_eval": {
    "f-score": 13.762154076290203,
    "precision": 13.509544787077827,
    "recall": 14.02439024390244,
    "tp": 92,
    "fp": 589,
    "fn": 564
  },
  "jaccard": [
    0.5306976744186046
  ],
  "braycurtis": [
    0.29652029099833466
  ],
  "dice": [
    0.36119025007913896
  ],
  "cosinus": [
    0.1261172519675804
  ]
}