{
  "voc_eval_res": {
    "precision": 44.4444,
    "recall": 3.8095,
    "f-score": 7.0175
  },
  "KL_res": {
    "KL divergence": 4.154193260115782,
    "Euclidean Dist.": 0.7349288690374737,
    "WER": 0.8820224719101124,
    "CER": 0.6785603475023271,
    "Cosine Dist.": 0.1554547809043061
  },
  "occ_eval_res": {
    "precision": 34.1772,
    "recall": 12.1348,
    "f-score": 17.9104
  },
  "clean_eval": {
    "f-score": 3.8917089678511,
    "precision": 2.655889145496536,
    "recall": 7.2784810126582276,
    "tp": 23,
    "fp": 843,
    "fn": 293
  },
  "jaccard": [
    0.8232886904761905
  ],
  "braycurtis": [
    0.5747447608812466
  ],
  "dice": [
    0.6996522288966172
  ],
  "cosinus": [
    0.24267667843838692
  ]
}