{
  "voc_eval_res": {
    "precision": 33.6066,
    "recall": 33.3333,
    "f-score": 33.4694
  },
  "KL_res": {
    "KL divergence": 1.4764431849279254,
    "Euclidean Dist.": 0.13776761504282006,
    "WER": 1.1673469387755102,
    "CER": 1.0087051142546246,
    "Cosine Dist.": 0.07708074572433765
  },
  "occ_eval_res": {
    "precision": 37.8788,
    "recall": 61.2245,
    "f-score": 46.8019
  },
  "clean_eval": {
    "f-score": 7.062600321027286,
    "precision": 9.205020920502092,
    "recall": 5.729166666666666,
    "tp": 22,
    "fp": 217,
    "fn": 362
  },
  "jaccard": [
    0.5214465937762826
  ],
  "braycurtis": [
    0.3555734730901028
  ],
  "dice": [
    0.35267349260523323
  ],
  "cosinus": [
    0.05233744834462828
  ]
}