{
  "voc_eval_res": {
    "precision": 54.023,
    "recall": 6.221,
    "f-score": 11.1573
  },
  "KL_res": {
    "KL divergence": 3.521388348391948,
    "Euclidean Dist.": 0.2407050172145109,
    "WER": 0.8728484175458079,
    "CER": 0.7197787610619469,
    "Cosine Dist.": 0.5812223198077874
  },
  "occ_eval_res": {
    "precision": 62.4744,
    "recall": 16.9628,
    "f-score": 26.6812
  },
  "clean_eval": {
    "f-score": 6.115317414094352,
    "precision": 4.084014002333722,
    "recall": 12.16685979142526,
    "tp": 105,
    "fp": 2466,
    "fn": 758
  },
  "jaccard": [
    0.8143959791778855
  ],
  "braycurtis": [
    0.5433315377546817
  ],
  "dice": [
    0.6869038607115822
  ],
  "cosinus": [
    0.520669550554401
  ]
}