{
  "voc_eval_res": {
    "precision": 75.0769,
    "recall": 51.2605,
    "f-score": 60.9238
  },
  "KL_res": {
    "KL divergence": 2.2872724015807373,
    "Euclidean Dist.": 0.4223832316980626,
    "WER": 0.6412139011257953,
    "CER": 0.39551920947269786,
    "Cosine Dist.": 0.691136586432805
  },
  "occ_eval_res": {
    "precision": 81.2439,
    "recall": 40.9202,
    "f-score": 54.4271
  },
  "clean_eval": {
    "f-score": 30.799605133267523,
    "precision": 23.19127849355798,
    "recall": 45.83741429970617,
    "tp": 468,
    "fp": 1550,
    "fn": 553
  },
  "jaccard": [
    0.36480186480186483
  ],
  "braycurtis": [
    0.23941034623959234
  ],
  "dice": [
    0.22309337134711332
  ],
  "cosinus": [
    0.3722551477385101
  ]
}