{
  "voc_eval_res": {
    "precision": 78.8288,
    "recall": 53.3537,
    "f-score": 63.6364
  },
  "KL_res": {
    "KL divergence": 0.6675409690167252,
    "Euclidean Dist.": 0.05589925399505109,
    "WER": 0.3594132029339853,
    "CER": 0.2904774972557629,
    "Cosine Dist.": 0.010205295666659175
  },
  "occ_eval_res": {
    "precision": 87.4816,
    "recall": 72.6161,
    "f-score": 79.3587
  },
  "clean_eval": {
    "f-score": 62.258953168044094,
    "precision": 57.874519846350836,
    "recall": 67.36214605067065,
    "tp": 452,
    "fp": 329,
    "fn": 219
  },
  "jaccard": [
    0.40711462450592883
  ],
  "braycurtis": [
    0.117813383600377
  ],
  "dice": [
    0.2555831265508685
  ],
  "cosinus": [
    0.008459979151122954
  ]
}