{
  "voc_eval_res": {
    "precision": 39.6825,
    "recall": 3.3738,
    "f-score": 6.2189
  },
  "KL_res": {
    "KL divergence": 4.08027219308699,
    "Euclidean Dist.": 0.6870231725801326,
    "WER": 0.8924418604651163,
    "CER": 0.7210930138645847,
    "Cosine Dist.": 0.10658528960726077
  },
  "occ_eval_res": {
    "precision": 40.2098,
    "recall": 11.1434,
    "f-score": 17.4507
  },
  "clean_eval": {
    "f-score": 2.971071149335418,
    "precision": 1.9133937562940584,
    "recall": 6.643356643356643,
    "tp": 19,
    "fp": 974,
    "fn": 267
  },
  "jaccard": [
    0.8343373493975904
  ],
  "braycurtis": [
    0.6047656557699882
  ],
  "dice": [
    0.7157622739018088
  ],
  "cosinus": [
    0.23138438823031915
  ]
}