{
  "voc_eval_res": {
    "precision": 44.4444,
    "recall": 7.8431,
    "f-score": 13.3333
  },
  "KL_res": {
    "KL divergence": 4.6102802318244684,
    "Euclidean Dist.": 0.36898891856282173,
    "WER": 0.8881578947368421,
    "CER": 0.6886882129277566,
    "Cosine Dist.": 0.2867855767070433
  },
  "occ_eval_res": {
    "precision": 38.0,
    "recall": 12.5,
    "f-score": 18.8119
  },
  "clean_eval": {
    "f-score": 17.48071979434447,
    "precision": 11.724137931034482,
    "recall": 34.34343434343434,
    "tp": 34,
    "fp": 256,
    "fn": 65
  },
  "jaccard": [
    0.7633053221288515
  ],
  "braycurtis": [
    0.5364412344057781
  ],
  "dice": [
    0.6172140430351076
  ],
  "cosinus": [
    0.2450071568887514
  ]
}