{
  "voc_eval_res": {
    "precision": 58.8235,
    "recall": 20.2429,
    "f-score": 30.1205
  },
  "KL_res": {
    "KL divergence": 3.1626621288660735,
    "Euclidean Dist.": 0.265894471502683,
    "WER": 0.7349624060150376,
    "CER": 0.7088559483086279,
    "Cosine Dist.": 0.4309396280249612
  },
  "occ_eval_res": {
    "precision": 60.3571,
    "recall": 31.7669,
    "f-score": 41.6256
  },
  "clean_eval": {
    "f-score": 15.263157894736842,
    "precision": 11.646586345381527,
    "recall": 22.137404580152673,
    "tp": 58,
    "fp": 440,
    "fn": 204
  },
  "jaccard": [
    0.5645624103299857
  ],
  "braycurtis": [
    0.5193745751189667
  ],
  "dice": [
    0.3933033483258371
  ],
  "cosinus": [
    0.3777012874422475
  ]
}