{
  "voc_eval_res": {
    "precision": 44.8864,
    "recall": 39.5,
    "f-score": 42.0213
  },
  "KL_res": {
    "KL divergence": 1.8488434087866563,
    "Euclidean Dist.": 0.11558475439930255,
    "WER": 0.8301886792452831,
    "CER": 0.699582225598177,
    "Cosine Dist.": 0.23141432500829695
  },
  "occ_eval_res": {
    "precision": 48.1132,
    "recall": 48.1132,
    "f-score": 48.1132
  },
  "clean_eval": {
    "f-score": 25.72898799313894,
    "precision": 24.752475247524753,
    "recall": 26.785714285714285,
    "tp": 75,
    "fp": 228,
    "fn": 205
  },
  "jaccard": [
    0.4735632183908046
  ],
  "braycurtis": [
    0.28322197475872307
  ],
  "dice": [
    0.3102409638554217
  ],
  "cosinus": [
    0.11654147535227732
  ]
}