{
  "voc_eval_res": {
    "precision": 57.8616,
    "recall": 32.1678,
    "f-score": 41.3483
  },
  "KL_res": {
    "KL divergence": 1.8324903063315,
    "Euclidean Dist.": 0.14813978545436354,
    "WER": 0.7256410256410256,
    "CER": 0.5860244480934136,
    "Cosine Dist.": 0.13553753529744905
  },
  "occ_eval_res": {
    "precision": 54.1161,
    "recall": 51.4103,
    "f-score": 52.7285
  },
  "clean_eval": {
    "f-score": 20.508866615265998,
    "precision": 19.587628865979383,
    "recall": 21.521035598705502,
    "tp": 133,
    "fp": 546,
    "fn": 485
  },
  "jaccard": [
    0.5466058763931104
  ],
  "braycurtis": [
    0.33418999541073885
  ],
  "dice": [
    0.37608922969675845
  ],
  "cosinus": [
    0.1930523216841079
  ]
}