{
  "voc_eval_res": {
    "precision": 55.0769,
    "recall": 36.2348,
    "f-score": 43.7118
  },
  "KL_res": {
    "KL divergence": 1.3360012529950058,
    "Euclidean Dist.": 0.11131857131970632,
    "WER": 0.5956454121306376,
    "CER": 0.41758881770529993,
    "Cosine Dist.": 0.0854297055092168
  },
  "occ_eval_res": {
    "precision": 66.861,
    "recall": 53.4992,
    "f-score": 59.4384
  },
  "clean_eval": {
    "f-score": 35.68281938325991,
    "precision": 32.42594075260208,
    "recall": 39.66699314397649,
    "tp": 405,
    "fp": 844,
    "fn": 616
  },
  "jaccard": [
    0.4971771347918137
  ],
  "braycurtis": [
    0.17398820418954647
  ],
  "dice": [
    0.33082883305940364
  ],
  "cosinus": [
    0.02108628289864667
  ]
}