{
  "voc_eval_res": {
    "precision": 59.3333,
    "recall": 24.4505,
    "f-score": 34.6304
  },
  "KL_res": {
    "KL divergence": 2.3764079984620423,
    "Euclidean Dist.": 0.14865743374405863,
    "WER": 0.7005847953216374,
    "CER": 0.4017137096774194,
    "Cosine Dist.": 0.15831633026070735
  },
  "occ_eval_res": {
    "precision": 62.7599,
    "recall": 38.8304,
    "f-score": 47.9769
  },
  "clean_eval": {
    "f-score": 21.684867394695786,
    "precision": 17.72959183673469,
    "recall": 27.91164658634538,
    "tp": 139,
    "fp": 645,
    "fn": 359
  },
  "jaccard": [
    0.5870039249890973
  ],
  "braycurtis": [
    0.22998265315438693
  ],
  "dice": [
    0.4154320987654321
  ],
  "cosinus": [
    0.05136863146930171
  ]
}