{
  "voc_eval_res": {
    "precision": 46.6667,
    "recall": 40.5797,
    "f-score": 43.4109
  },
  "KL_res": {
    "KL divergence": 3.5433180417179337,
    "Euclidean Dist.": 0.21889014138312074,
    "WER": 0.8017241379310345,
    "CER": 0.5615023474178403,
    "Cosine Dist.": 0.5721069598917113
  },
  "occ_eval_res": {
    "precision": 39.8058,
    "recall": 35.3448,
    "f-score": 37.4429
  },
  "clean_eval": {
    "f-score": 31.775700934579444,
    "precision": 29.82456140350877,
    "recall": 34.0,
    "tp": 34,
    "fp": 80,
    "fn": 66
  },
  "jaccard": [
    0.47347994825355755
  ],
  "braycurtis": [
    0.3137914464199904
  ],
  "dice": [
    0.3101694915254237
  ],
  "cosinus": [
    0.14821935001909559
  ]
}