{
  "voc_eval_res": {
    "precision": 67.5,
    "recall": 19.2857,
    "f-score": 30.0
  },
  "KL_res": {
    "KL divergence": 5.163928813558546,
    "Euclidean Dist.": 0.34679069104324145,
    "WER": 0.8449367088607594,
    "CER": 0.6679870363701836,
    "Cosine Dist.": 0.7661102161618227
  },
  "occ_eval_res": {
    "precision": 48.5981,
    "recall": 16.4557,
    "f-score": 24.5863
  },
  "clean_eval": {
    "f-score": 20.43795620437956,
    "precision": 13.592233009708737,
    "recall": 41.17647058823529,
    "tp": 42,
    "fp": 267,
    "fn": 60
  },
  "jaccard": [
    0.6525336091003102
  ],
  "braycurtis": [
    0.5342741935483871
  ],
  "dice": [
    0.48426707597851115
  ],
  "cosinus": [
    0.4279623710659368
  ]
}