{
  "voc_eval_res": {
    "precision": 72.4138,
    "recall": 24.4186,
    "f-score": 36.5217
  },
  "KL_res": {
    "KL divergence": 2.785566705821244,
    "Euclidean Dist.": 0.2660793095292928,
    "WER": 0.6465116279069767,
    "CER": 0.6311827956989248,
    "Cosine Dist.": 0.15643464094711068
  },
  "occ_eval_res": {
    "precision": 78.8991,
    "recall": 40.0,
    "f-score": 53.0864
  },
  "clean_eval": {
    "f-score": 45.714285714285715,
    "precision": 34.61538461538461,
    "recall": 67.28971962616822,
    "tp": 72,
    "fp": 136,
    "fn": 35
  },
  "jaccard": [
    0.5982905982905983
  ],
  "braycurtis": [
    0.456245325355273
  ],
  "dice": [
    0.4268292682926829
  ],
  "cosinus": [
    0.33604823627873814
  ]
}