{
  "voc_eval_res": {
    "precision": 36.1905,
    "recall": 4.4997,
    "f-score": 8.0042
  },
  "KL_res": {
    "KL divergence": 4.096572537730285,
    "Euclidean Dist.": 0.27834422238898815,
    "WER": 0.9109730848861284,
    "CER": 0.7321744403456466,
    "Cosine Dist.": 0.49809207100649333
  },
  "occ_eval_res": {
    "precision": 44.4149,
    "recall": 9.8787,
    "f-score": 16.1626
  },
  "clean_eval": {
    "f-score": 2.9159073158031763,
    "precision": 1.8082014853083628,
    "recall": 7.526881720430108,
    "tp": 56,
    "fp": 3041,
    "fn": 688
  },
  "jaccard": [
    0.7705990594970353
  ],
  "braycurtis": [
    0.5455417066155321
  ],
  "dice": [
    0.6268085814069516
  ],
  "cosinus": [
    0.2070064740161115
  ]
}