{
  "voc_eval_res": {
    "precision": 29.2453,
    "recall": 20.462,
    "f-score": 24.0777
  },
  "KL_res": {
    "KL divergence": 2.3405414664581827,
    "Euclidean Dist.": 0.09240030161075305,
    "WER": 0.8128898128898129,
    "CER": 0.6528264132066033,
    "Cosine Dist.": 0.0981789254764397
  },
  "occ_eval_res": {
    "precision": 41.055,
    "recall": 37.2141,
    "f-score": 39.0403
  },
  "clean_eval": {
    "f-score": 13.196814562002274,
    "precision": 12.526997840172784,
    "recall": 13.942307692307693,
    "tp": 58,
    "fp": 405,
    "fn": 358
  },
  "jaccard": [
    0.5496402877697841
  ],
  "braycurtis": [
    0.2687125748502994
  ],
  "dice": [
    0.37896825396825395
  ],
  "cosinus": [
    0.058720460091433946
  ]
}