{
  "voc_eval_res": {
    "precision": 35.6923,
    "recall": 7.1871,
    "f-score": 11.9649
  },
  "KL_res": {
    "KL divergence": 3.4563554172866615,
    "Euclidean Dist.": 0.23564314183083618,
    "WER": 0.8917640511964385,
    "CER": 0.688677837999105,
    "Cosine Dist.": 0.5925001932235938
  },
  "occ_eval_res": {
    "precision": 45.1895,
    "recall": 12.9382,
    "f-score": 20.1168
  },
  "clean_eval": {
    "f-score": 6.037735849056604,
    "precision": 3.976390183286735,
    "recall": 12.536728697355533,
    "tp": 128,
    "fp": 3091,
    "fn": 893
  },
  "jaccard": [
    0.7039950320844546
  ],
  "braycurtis": [
    0.46465937762825904
  ],
  "dice": [
    0.5432039610285897
  ],
  "cosinus": [
    0.16911859007598362
  ]
}