{
  "voc_eval_res": {
    "precision": 34.1709,
    "recall": 4.7354,
    "f-score": 8.318
  },
  "KL_res": {
    "KL divergence": 3.7862839031666162,
    "Euclidean Dist.": 0.20365251010234042,
    "WER": 0.9333046471600689,
    "CER": 0.7620576320415807,
    "Cosine Dist.": 0.4940227494519681
  },
  "occ_eval_res": {
    "precision": 35.4027,
    "recall": 9.0792,
    "f-score": 14.4521
  },
  "clean_eval": {
    "f-score": 4.899598393574297,
    "precision": 3.208837453971594,
    "recall": 10.35653650254669,
    "tp": 61,
    "fp": 1840,
    "fn": 528
  },
  "jaccard": [
    0.8288241415192508
  ],
  "braycurtis": [
    0.5684821140831453
  ],
  "dice": [
    0.7076854731230564
  ],
  "cosinus": [
    0.17740640110389816
  ]
}