{
  "voc_eval_res": {
    "precision": 52.1429,
    "recall": 29.918,
    "f-score": 38.0208
  },
  "KL_res": {
    "KL divergence": 1.1589205059544125,
    "Euclidean Dist.": 0.11508021216487531,
    "WER": 0.6696165191740413,
    "CER": 0.47699608004951516,
    "Cosine Dist.": 0.06497328213768894
  },
  "occ_eval_res": {
    "precision": 63.2166,
    "recall": 58.5546,
    "f-score": 60.7963
  },
  "clean_eval": {
    "f-score": 16.122840690978887,
    "precision": 15.584415584415584,
    "recall": 16.69980119284294,
    "tp": 84,
    "fp": 455,
    "fn": 419
  },
  "jaccard": [
    0.5304496300512237
  ],
  "braycurtis": [
    0.22991832937041248
  ],
  "dice": [
    0.36096049573973665
  ],
  "cosinus": [
    0.05056560880070937
  ]
}