{
  "voc_eval_res": {
    "precision": 40.8922,
    "recall": 23.7581,
    "f-score": 30.0546
  },
  "KL_res": {
    "KL divergence": 2.312874293677499,
    "Euclidean Dist.": 0.2183973632823832,
    "WER": 0.9597754911131899,
    "CER": 0.7455872594558726,
    "Cosine Dist.": 0.4618744579969841
  },
  "occ_eval_res": {
    "precision": 33.5784,
    "recall": 38.4471,
    "f-score": 35.8482
  },
  "clean_eval": {
    "f-score": 15.939086294416244,
    "precision": 16.219008264462808,
    "recall": 15.6686626746507,
    "tp": 157,
    "fp": 811,
    "fn": 845
  },
  "jaccard": [
    0.5982875490545844
  ],
  "braycurtis": [
    0.39019456178973044
  ],
  "dice": [
    0.4268261644184271
  ],
  "cosinus": [
    0.3067671963141183
  ]
}