{
  "voc_eval_res": {
    "precision": 51.5913,
    "recall": 20.5197,
    "f-score": 29.3613
  },
  "KL_res": {
    "KL divergence": 2.231200736362439,
    "Euclidean Dist.": 0.08906379456545276,
    "WER": 0.7601020842194811,
    "CER": 0.5806140491882334,
    "Cosine Dist.": 0.22306817038991544
  },
  "occ_eval_res": {
    "precision": 53.87,
    "recall": 29.6044,
    "f-score": 38.2103
  },
  "clean_eval": {
    "f-score": 27.205463858850315,
    "precision": 21.178555604785114,
    "recall": 38.02704852824185,
    "tp": 478,
    "fp": 1779,
    "fn": 779
  },
  "jaccard": [
    0.5722163308589607
  ],
  "braycurtis": [
    0.29881361926502265
  ],
  "dice": [
    0.4007724301841949
  ],
  "cosinus": [
    0.06584312718897678
  ]
}