{
  "voc_eval_res": {
    "precision": 58.3851,
    "recall": 32.526,
    "f-score": 41.7778
  },
  "KL_res": {
    "KL divergence": 1.7133311312633857,
    "Euclidean Dist.": 0.0914316226136261,
    "WER": 0.658753709198813,
    "CER": 0.5219094066356315,
    "Cosine Dist.": 0.13959835786717156
  },
  "occ_eval_res": {
    "precision": 64.3243,
    "recall": 42.3739,
    "f-score": 51.0912
  },
  "clean_eval": {
    "f-score": 41.663427905169065,
    "precision": 36.14295347269049,
    "recall": 49.174311926605505,
    "tp": 536,
    "fp": 947,
    "fn": 554
  },
  "jaccard": [
    0.4880777156314395
  ],
  "braycurtis": [
    0.2742329737019555
  ],
  "dice": [
    0.32281931464174457
  ],
  "cosinus": [
    0.15929146883106504
  ]
}