{
  "voc_eval_res": {
    "precision": 66.6667,
    "recall": 18.8482,
    "f-score": 29.3878
  },
  "KL_res": {
    "KL divergence": 3.384651124661356,
    "Euclidean Dist.": 0.2766807845134829,
    "WER": 0.7456140350877193,
    "CER": 0.618485342019544,
    "Cosine Dist.": 0.3166492165260325
  },
  "occ_eval_res": {
    "precision": 65.3595,
    "recall": 29.2398,
    "f-score": 40.404
  },
  "clean_eval": {
    "f-score": 34.85838779956427,
    "precision": 26.143790849673206,
    "recall": 52.28758169934641,
    "tp": 80,
    "fp": 226,
    "fn": 73
  },
  "jaccard": [
    0.677547770700637
  ],
  "braycurtis": [
    0.4523933402705515
  ],
  "dice": [
    0.5123419626730885
  ],
  "cosinus": [
    0.3807480988976526
  ]
}