{
  "voc_eval_res": {
    "precision": 52.3256,
    "recall": 46.3918,
    "f-score": 49.1803
  },
  "KL_res": {
    "KL divergence": 1.631345218379147,
    "Euclidean Dist.": 0.11600838612252497,
    "WER": 0.6988636363636364,
    "CER": 0.5892857142857143,
    "Cosine Dist.": 0.14061452180557987
  },
  "occ_eval_res": {
    "precision": 55.4945,
    "recall": 57.3864,
    "f-score": 56.4246
  },
  "clean_eval": {
    "f-score": 49.71428571428571,
    "precision": 50.0,
    "recall": 49.43181818181818,
    "tp": 87,
    "fp": 87,
    "fn": 89
  },
  "jaccard": [
    0.4595701125895599
  ],
  "braycurtis": [
    0.24324324324324326
  ],
  "dice": [
    0.29833887043189367
  ],
  "cosinus": [
    0.06627503222836362
  ]
}