{
  "voc_eval_res": {
    "precision": 51.3514,
    "recall": 14.3396,
    "f-score": 22.4189
  },
  "KL_res": {
    "KL divergence": 3.0165911490283817,
    "Euclidean Dist.": 0.2166077199615685,
    "WER": 0.7545045045045045,
    "CER": 0.5719532554257095,
    "Cosine Dist.": 0.14268853509004198
  },
  "occ_eval_res": {
    "precision": 57.1429,
    "recall": 29.7297,
    "f-score": 39.1111
  },
  "clean_eval": {
    "f-score": 11.214953271028037,
    "precision": 8.75912408759124,
    "recall": 15.584415584415584,
    "tp": 36,
    "fp": 375,
    "fn": 195
  },
  "jaccard": [
    0.6856810244470314
  ],
  "braycurtis": [
    0.37299544644624827
  ],
  "dice": [
    0.5217006200177148
  ],
  "cosinus": [
    0.1768270096636575
  ]
}