{
  "voc_eval_res": {
    "precision": 71.5909,
    "recall": 30.8068,
    "f-score": 43.0769
  },
  "KL_res": {
    "KL divergence": 2.0446317558867912,
    "Euclidean Dist.": 0.10963646282115402,
    "WER": 0.637123745819398,
    "CER": 0.4897098933796182,
    "Cosine Dist.": 0.16084049586607807
  },
  "occ_eval_res": {
    "precision": 69.0751,
    "recall": 39.9666,
    "f-score": 50.6356
  },
  "clean_eval": {
    "f-score": 34.94505494505495,
    "precision": 27.748691099476442,
    "recall": 47.18100890207715,
    "tp": 159,
    "fp": 414,
    "fn": 178
  },
  "jaccard": [
    0.534763948497854
  ],
  "braycurtis": [
    0.2647571968595522
  ],
  "dice": [
    0.36496777973052136
  ],
  "cosinus": [
    0.05204810748122246
  ]
}