{
  "voc_eval_res": {
    "precision": 68.3486,
    "recall": 36.9727,
    "f-score": 47.9871
  },
  "KL_res": {
    "KL divergence": 2.378921029702599,
    "Euclidean Dist.": 0.32095469940112653,
    "WER": 0.7001972386587771,
    "CER": 0.49502579218865145,
    "Cosine Dist.": 0.7180118132487036
  },
  "occ_eval_res": {
    "precision": 69.6177,
    "recall": 34.1223,
    "f-score": 45.7975
  },
  "clean_eval": {
    "f-score": 29.076086956521742,
    "precision": 21.747967479674795,
    "recall": 43.85245901639344,
    "tp": 214,
    "fp": 770,
    "fn": 274
  },
  "jaccard": [
    0.47370766488413546
  ],
  "braycurtis": [
    0.28580177605389406
  ],
  "dice": [
    0.3103649635036496
  ],
  "cosinus": [
    0.33319144032195147
  ]
}