{
  "voc_eval_res": {
    "precision": 45.9259,
    "recall": 44.9275,
    "f-score": 45.4212
  },
  "KL_res": {
    "KL divergence": 1.4876431046488356,
    "Euclidean Dist.": 0.10873664453072303,
    "WER": 0.7876106194690266,
    "CER": 0.6977133296151701,
    "Cosine Dist.": 0.14716729427481468
  },
  "occ_eval_res": {
    "precision": 52.0325,
    "recall": 56.6372,
    "f-score": 54.2373
  },
  "clean_eval": {
    "f-score": 27.312775330396484,
    "precision": 28.440366972477065,
    "recall": 26.27118644067797,
    "tp": 62,
    "fp": 156,
    "fn": 174
  },
  "jaccard": [
    0.45217391304347826
  ],
  "braycurtis": [
    0.25975671566142927
  ],
  "dice": [
    0.29213483146067415
  ],
  "cosinus": [
    0.0552817998549624
  ]
}