{
  "voc_eval_res": {
    "precision": 73.7143,
    "recall": 35.5372,
    "f-score": 47.9554
  },
  "KL_res": {
    "KL divergence": 1.9833363157415713,
    "Euclidean Dist.": 0.0996386285155401,
    "WER": 0.624031007751938,
    "CER": 0.49603933351543295,
    "Cosine Dist.": 0.17322423766693373
  },
  "occ_eval_res": {
    "precision": 70.2875,
    "recall": 42.6357,
    "f-score": 53.076
  },
  "clean_eval": {
    "f-score": 42.30287859824781,
    "precision": 34.00402414486921,
    "recall": 55.960264900662246,
    "tp": 169,
    "fp": 328,
    "fn": 133
  },
  "jaccard": [
    0.48134152102031175
  ],
  "braycurtis": [
    0.2435044359949303
  ],
  "dice": [
    0.31695178849144634
  ],
  "cosinus": [
    0.0440104483417203
  ]
}