{
  "voc_eval_res": {
    "precision": 70.4545,
    "recall": 40.2597,
    "f-score": 51.2397
  },
  "KL_res": {
    "KL divergence": 3.790691273779992,
    "Euclidean Dist.": 0.39584898206351676,
    "WER": 0.6863084922010398,
    "CER": 0.5100934016269961,
    "Cosine Dist.": 0.7699721909095464
  },
  "occ_eval_res": {
    "precision": 65.4605,
    "recall": 34.4887,
    "f-score": 45.1759
  },
  "clean_eval": {
    "f-score": 29.39150401836969,
    "precision": 22.416812609457093,
    "recall": 42.66666666666667,
    "tp": 128,
    "fp": 443,
    "fn": 172
  },
  "jaccard": [
    0.4143344709897611
  ],
  "braycurtis": [
    0.3200791651673264
  ],
  "dice": [
    0.26130004304778304
  ],
  "cosinus": [
    0.41356075234587464
  ]
}