{
  "voc_eval_res": {
    "precision": 65.6371,
    "recall": 15.1921,
    "f-score": 24.6734
  },
  "KL_res": {
    "KL divergence": 2.681565743315206,
    "Euclidean Dist.": 0.33979330096127147,
    "WER": 0.8541513592946363,
    "CER": 0.7002683020314296,
    "Cosine Dist.": 0.7711984949190156
  },
  "occ_eval_res": {
    "precision": 65.6797,
    "recall": 17.928,
    "f-score": 28.1674
  },
  "clean_eval": {
    "f-score": 14.47328244274809,
    "precision": 9.316037735849056,
    "recall": 32.421340629274965,
    "tp": 237,
    "fp": 2307,
    "fn": 494
  },
  "jaccard": [
    0.6909215328467153
  ],
  "braycurtis": [
    0.4837687040324626
  ],
  "dice": [
    0.5277922983098101
  ],
  "cosinus": [
    0.39665907409054446
  ]
}