{
  "voc_eval_res": {
    "precision": 44.0678,
    "recall": 26.3291,
    "f-score": 32.9635
  },
  "KL_res": {
    "KL divergence": 2.0217976615239417,
    "Euclidean Dist.": 0.12380731225027079,
    "WER": 0.8282967032967034,
    "CER": 0.6516405557197753,
    "Cosine Dist.": 0.11123589759764507
  },
  "occ_eval_res": {
    "precision": 55.9223,
    "recall": 39.5604,
    "f-score": 46.3395
  },
  "clean_eval": {
    "f-score": 19.387755102040817,
    "precision": 16.450216450216452,
    "recall": 23.60248447204969,
    "tp": 114,
    "fp": 579,
    "fn": 369
  },
  "jaccard": [
    0.5108649339582446
  ],
  "braycurtis": [
    0.2566208514917868
  ],
  "dice": [
    0.3430615164520744
  ],
  "cosinus": [
    0.05663325833036792
  ]
}