{
  "voc_eval_res": {
    "precision": 76.6355,
    "recall": 32.0312,
    "f-score": 45.1791
  },
  "KL_res": {
    "KL divergence": 1.8458150386938947,
    "Euclidean Dist.": 0.14526920371754243,
    "WER": 0.5910852713178295,
    "CER": 0.5495049504950495,
    "Cosine Dist.": 0.17149240359312523
  },
  "occ_eval_res": {
    "precision": 82.9091,
    "recall": 44.186,
    "f-score": 57.6485
  },
  "clean_eval": {
    "f-score": 32.60590500641849,
    "precision": 24.95088408644401,
    "recall": 47.03703703703704,
    "tp": 127,
    "fp": 382,
    "fn": 143
  },
  "jaccard": [
    0.4960341671751068
  ],
  "braycurtis": [
    0.3552937529065261
  ],
  "dice": [
    0.32981744421906695
  ],
  "cosinus": [
    0.17633849236145094
  ]
}