{
  "voc_eval_res": {
    "precision": 51.3761,
    "recall": 19.244,
    "f-score": 28.0
  },
  "KL_res": {
    "KL divergence": 2.927022308588493,
    "Euclidean Dist.": 0.2008516553288633,
    "WER": 0.7839388145315488,
    "CER": 0.5832947352169214,
    "Cosine Dist.": 0.5883755396401513
  },
  "occ_eval_res": {
    "precision": 53.2258,
    "recall": 25.239,
    "f-score": 34.2412
  },
  "clean_eval": {
    "f-score": 19.654714475431607,
    "precision": 14.524043179587832,
    "recall": 30.390143737166326,
    "tp": 148,
    "fp": 871,
    "fn": 339
  },
  "jaccard": [
    0.6032388663967612
  ],
  "braycurtis": [
    0.35270768358378224
  ],
  "dice": [
    0.4318840579710145
  ],
  "cosinus": [
    0.14072255429415514
  ]
}