{
  "voc_eval_res": {
    "precision": 34.0136,
    "recall": 34.7222,
    "f-score": 34.3643
  },
  "KL_res": {
    "KL divergence": 1.784312796741932,
    "Euclidean Dist.": 0.09948368476945842,
    "WER": 0.8803418803418803,
    "CER": 0.7207688200747464,
    "Cosine Dist.": 0.1365817522163446
  },
  "occ_eval_res": {
    "precision": 43.7262,
    "recall": 49.1453,
    "f-score": 46.2777
  },
  "clean_eval": {
    "f-score": 21.38364779874214,
    "precision": 22.566371681415927,
    "recall": 20.318725099601593,
    "tp": 51,
    "fp": 175,
    "fn": 200
  },
  "jaccard": [
    0.5052705551651441
  ],
  "braycurtis": [
    0.2697416083071722
  ],
  "dice": [
    0.33803479078514337
  ],
  "cosinus": [
    0.050068729837342896
  ]
}