{
  "voc_eval_res": {
    "precision": 61.1111,
    "recall": 19.5266,
    "f-score": 29.5964
  },
  "KL_res": {
    "KL divergence": 4.250594495838106,
    "Euclidean Dist.": 0.24542991670367428,
    "WER": 0.8190630048465266,
    "CER": 0.6986334797462177,
    "Cosine Dist.": 0.5135323947650017
  },
  "occ_eval_res": {
    "precision": 62.234,
    "recall": 18.9015,
    "f-score": 28.9963
  },
  "clean_eval": {
    "f-score": 26.41509433962264,
    "precision": 17.94871794871795,
    "recall": 50.0,
    "tp": 91,
    "fp": 416,
    "fn": 91
  },
  "jaccard": [
    0.6391129032258065
  ],
  "braycurtis": [
    0.5398827500444129
  ],
  "dice": [
    0.4696296296296296
  ],
  "cosinus": [
    0.3356066006541766
  ]
}