{
  "voc_eval_res": {
    "precision": 65.9341,
    "recall": 29.703,
    "f-score": 40.9556
  },
  "KL_res": {
    "KL divergence": 3.680706799261954,
    "Euclidean Dist.": 0.29923195099679695,
    "WER": 0.7173144876325088,
    "CER": 0.5939443092727764,
    "Cosine Dist.": 0.43075157592743074
  },
  "occ_eval_res": {
    "precision": 74.5833,
    "recall": 31.6254,
    "f-score": 44.4169
  },
  "clean_eval": {
    "f-score": 27.245508982035926,
    "precision": 21.11368909512761,
    "recall": 38.39662447257383,
    "tp": 91,
    "fp": 340,
    "fn": 146
  },
  "jaccard": [
    0.5138121546961326
  ],
  "braycurtis": [
    0.43352497305066473
  ],
  "dice": [
    0.34572490706319703
  ],
  "cosinus": [
    0.39368171668988317
  ]
}