{
  "voc_eval_res": {
    "precision": 48.8372,
    "recall": 48.8372,
    "f-score": 48.8372
  },
  "KL_res": {
    "KL divergence": 1.7380663103473888,
    "Euclidean Dist.": 0.13351173567366503,
    "WER": 0.8037974683544303,
    "CER": 0.725625539257981,
    "Cosine Dist.": 0.18597560270342173
  },
  "occ_eval_res": {
    "precision": 49.4505,
    "recall": 56.962,
    "f-score": 52.9412
  },
  "clean_eval": {
    "f-score": 43.34365325077399,
    "precision": 47.61904761904761,
    "recall": 39.77272727272727,
    "tp": 70,
    "fp": 77,
    "fn": 106
  },
  "jaccard": [
    0.48997995991983967
  ],
  "braycurtis": [
    0.3026462914647782
  ],
  "dice": [
    0.32448573324485736
  ],
  "cosinus": [
    0.08183602646948118
  ]
}