{
  "voc_eval_res": {
    "precision": 60.0,
    "recall": 10.5528,
    "f-score": 17.9487
  },
  "KL_res": {
    "KL divergence": 4.884126547311473,
    "Euclidean Dist.": 0.37106616208553234,
    "WER": 0.8625954198473282,
    "CER": 0.6122536418166238,
    "Cosine Dist.": 0.5447620952140032
  },
  "occ_eval_res": {
    "precision": 54.8673,
    "recall": 15.7761,
    "f-score": 24.5059
  },
  "clean_eval": {
    "f-score": 21.691973969631235,
    "precision": 14.204545454545455,
    "recall": 45.87155963302752,
    "tp": 50,
    "fp": 302,
    "fn": 59
  },
  "jaccard": [
    0.7084639498432602
  ],
  "braycurtis": [
    0.4411600669269381
  ],
  "dice": [
    0.5485436893203883
  ],
  "cosinus": [
    0.29752861996589786
  ]
}