{
  "voc_eval_res": {
    "precision": 54.918,
    "recall": 57.7586,
    "f-score": 56.3025
  },
  "KL_res": {
    "KL divergence": 0.5208075481629592,
    "Euclidean Dist.": 0.05493453248301342,
    "WER": 0.591304347826087,
    "CER": 0.504577077993409,
    "Cosine Dist.": 0.012164936007549199
  },
  "occ_eval_res": {
    "precision": 70.9596,
    "recall": 81.4493,
    "f-score": 75.8435
  },
  "clean_eval": {
    "f-score": 27.5766016713092,
    "precision": 29.64071856287425,
    "recall": 25.78125,
    "tp": 99,
    "fp": 235,
    "fn": 285
  },
  "jaccard": [
    0.3892733564013841
  ],
  "braycurtis": [
    0.15183603757472247
  ],
  "dice": [
    0.24167561761546724
  ],
  "cosinus": [
    0.009136459981086253
  ]
}