{
  "voc_eval_res": {
    "precision": 75.5319,
    "recall": 32.4201,
    "f-score": 45.3674
  },
  "KL_res": {
    "KL divergence": 2.2253897466260537,
    "Euclidean Dist.": 0.1902413223341602,
    "WER": 0.6384439359267735,
    "CER": 0.481086323957323,
    "Cosine Dist.": 0.2226023575234315
  },
  "occ_eval_res": {
    "precision": 78.0269,
    "recall": 39.8169,
    "f-score": 52.7273
  },
  "clean_eval": {
    "f-score": 34.66257668711656,
    "precision": 26.218097447795824,
    "recall": 51.13122171945701,
    "tp": 113,
    "fp": 318,
    "fn": 108
  },
  "jaccard": [
    0.5322812051649928
  ],
  "braycurtis": [
    0.300039169604387
  ],
  "dice": [
    0.3626588465298143
  ],
  "cosinus": [
    0.093988138633326
  ]
}