{
  "voc_eval_res": {
    "precision": 13.8462,
    "recall": 1.2438,
    "f-score": 2.2825
  },
  "KL_res": {
    "KL divergence": 4.0445442602427555,
    "Euclidean Dist.": 0.25270436577774347,
    "WER": 0.9770151636073424,
    "CER": 0.8369567968413859,
    "Cosine Dist.": 0.8828020722052127
  },
  "occ_eval_res": {
    "precision": 16.9096,
    "recall": 2.7773,
    "f-score": 4.771
  },
  "clean_eval": {
    "f-score": 0.3287016285671597,
    "precision": 0.19393511988716503,
    "recall": 1.0773751224289911,
    "tp": 11,
    "fp": 5661,
    "fn": 1010
  },
  "jaccard": [
    0.7850513755386145
  ],
  "braycurtis": [
    0.7092609082813891
  ],
  "dice": [
    0.6461601418633202
  ],
  "cosinus": [
    0.2776193877683928
  ]
}