{
  "voc_eval_res": {
    "precision": 15.5779,
    "recall": 1.0854,
    "f-score": 2.0295
  },
  "KL_res": {
    "KL divergence": 3.9270156739329893,
    "Euclidean Dist.": 0.21970317451058,
    "WER": 0.978775311051476,
    "CER": 0.8752303330970943,
    "Cosine Dist.": 0.7954687331872198
  },
  "occ_eval_res": {
    "precision": 17.6174,
    "recall": 2.5616,
    "f-score": 4.4728
  },
  "clean_eval": {
    "f-score": 0.38489295164782295,
    "precision": 0.2242152466367713,
    "recall": 1.3582342954159592,
    "tp": 8,
    "fp": 3560,
    "fn": 581
  },
  "jaccard": [
    0.8634361233480177
  ],
  "braycurtis": [
    0.7706581703395581
  ],
  "dice": [
    0.7596899224806202
  ],
  "cosinus": [
    0.27463428836273507
  ]
}