{
  "voc_eval_res": {
    "precision": 17.1429,
    "recall": 0.8766,
    "f-score": 1.6678
  },
  "KL_res": {
    "KL divergence": 3.978582898350346,
    "Euclidean Dist.": 0.30636302108618907,
    "WER": 0.9834597875569044,
    "CER": 0.8724054706355592,
    "Cosine Dist.": 0.8934096476063413
  },
  "occ_eval_res": {
    "precision": 16.0904,
    "recall": 1.8361,
    "f-score": 3.2961
  },
  "clean_eval": {
    "f-score": 0.2099265257159994,
    "precision": 0.1181434599156118,
    "recall": 0.9408602150537635,
    "tp": 7,
    "fp": 5918,
    "fn": 737
  },
  "jaccard": [
    0.8225806451612904
  ],
  "braycurtis": [
    0.7792992505983443
  ],
  "dice": [
    0.6986301369863014
  ],
  "cosinus": [
    0.3229742779240238
  ]
}