{
  "voc_eval_res": {
    "precision": 16.0,
    "recall": 0.5884,
    "f-score": 1.135
  },
  "KL_res": {
    "KL divergence": 4.267543122577602,
    "Euclidean Dist.": 0.24028042865461174,
    "WER": 0.9858205812157799,
    "CER": 0.9044957591802716,
    "Cosine Dist.": 0.8915683731012343
  },
  "occ_eval_res": {
    "precision": 21.5501,
    "recall": 1.6004,
    "f-score": 2.9796
  },
  "clean_eval": {
    "f-score": 0.42313117066290545,
    "precision": 0.22754854368932037,
    "recall": 3.0120481927710845,
    "tp": 15,
    "fp": 6577,
    "fn": 483
  },
  "jaccard": [
    0.8822142236564479
  ],
  "braycurtis": [
    0.8272211963756603
  ],
  "dice": [
    0.7892516100377526
  ],
  "cosinus": [
    0.3394736387084927
  ]
}