{
  "voc_eval_res": {
    "precision": 60.5769,
    "recall": 19.3846,
    "f-score": 29.3706
  },
  "KL_res": {
    "KL divergence": 4.029244765220084,
    "Euclidean Dist.": 0.24116276212801224,
    "WER": 0.8177083333333334,
    "CER": 0.7093023255813954,
    "Cosine Dist.": 0.4681125940353176
  },
  "occ_eval_res": {
    "precision": 62.1622,
    "recall": 19.9653,
    "f-score": 30.2234
  },
  "clean_eval": {
    "f-score": 31.927710843373497,
    "precision": 21.90082644628099,
    "recall": 58.88888888888889,
    "tp": 106,
    "fp": 378,
    "fn": 74
  },
  "jaccard": [
    0.6490335707019329
  ],
  "braycurtis": [
    0.5429953421712648
  ],
  "dice": [
    0.48042168674698793
  ],
  "cosinus": [
    0.32588775792309965
  ]
}