{
  "voc_eval_res": {
    "precision": 63.7363,
    "recall": 42.963,
    "f-score": 51.3274
  },
  "KL_res": {
    "KL divergence": 2.072347544597495,
    "Euclidean Dist.": 0.14539001646618888,
    "WER": 0.5773584905660377,
    "CER": 0.4275132275132275,
    "Cosine Dist.": 0.08874663669357141
  },
  "occ_eval_res": {
    "precision": 66.8367,
    "recall": 49.434,
    "f-score": 56.833
  },
  "clean_eval": {
    "f-score": 53.29949238578679,
    "precision": 47.94520547945205,
    "recall": 60.0,
    "tp": 105,
    "fp": 114,
    "fn": 70
  },
  "jaccard": [
    0.42391304347826086
  ],
  "braycurtis": [
    0.29014925373134326
  ],
  "dice": [
    0.2689655172413793
  ],
  "cosinus": [
    0.12499880095888083
  ]
}