{
  "voc_eval_res": {
    "precision": 74.9973,
    "recall": 93.0306,
    "f-score": 83.0462
  },
  "KL_res": {
    "KL divergence": 0.023486542162204648,
    "Euclidean Dist.": 0.01178232935923094,
    "WER": 0.09705637076598236,
    "CER": 0.04963103159477443,
    "Cosine Dist.": 0.003089761432276017
  },
  "occ_eval_res": {
    "precision": 92.2826,
    "recall": 94.9467,
    "f-score": 93.5957
  },
  "clean_eval": {
    "f-score": 83.75339348272124,
    "precision": 86.11674098094852,
    "recall": 81.51629837626663,
    "tp": 46739,
    "fp": 7535,
    "fn": 10598
  },
  "jaccard": [
    0.5491932147290028
  ],
  "braycurtis": [
    0.08754821632733914
  ],
  "dice": [
    0.37854331831403637
  ],
  "cosinus": [
    0.008797410604344802
  ]
}