{
  "voc_eval_res": {
    "precision": 37.9588,
    "recall": 61.7977,
    "f-score": 47.0299
  },
  "KL_res": {
    "KL divergence": 0.21988606535467112,
    "Euclidean Dist.": 0.02816310681408806,
    "WER": 0.31073907993192684,
    "CER": 0.0979799347929143,
    "Cosine Dist.": 0.03222417305111225
  },
  "occ_eval_res": {
    "precision": 74.7429,
    "recall": 76.3804,
    "f-score": 75.5528
  },
  "clean_eval": {
    "f-score": 65.94840534510634,
    "precision": 64.91401764830958,
    "recall": 67.01629223117818,
    "tp": 97693,
    "fp": 52803,
    "fn": 48082
  },
  "jaccard": [
    0.6760224538893344
  ],
  "braycurtis": [
    0.13950061914099302
  ],
  "dice": [
    0.5105996365838885
  ],
  "cosinus": [
    0.02021755863975927
  ]
}