{
  "voc_eval_res": {
    "precision": 52.2727,
    "recall": 25.9398,
    "f-score": 34.6734
  },
  "KL_res": {
    "KL divergence": 2.5645886414381525,
    "Euclidean Dist.": 0.1405999209757584,
    "WER": 0.7204301075268817,
    "CER": 0.4964336661911555,
    "Cosine Dist.": 0.1396687334875365
  },
  "occ_eval_res": {
    "precision": 56.9079,
    "recall": 37.2043,
    "f-score": 44.9935
  },
  "clean_eval": {
    "f-score": 23.481781376518217,
    "precision": 19.727891156462583,
    "recall": 28.999999999999996,
    "tp": 87,
    "fp": 354,
    "fn": 213
  },
  "jaccard": [
    0.5420673076923077
  ],
  "braycurtis": [
    0.28633405639913234
  ],
  "dice": [
    0.37180544105523494
  ],
  "cosinus": [
    0.07525594437608119
  ]
}