{
  "voc_eval_res": {
    "precision": 51.3761,
    "recall": 19.244,
    "f-score": 28.0
  },
  "KL_res": {
    "KL divergence": 2.8271054740388926,
    "Euclidean Dist.": 0.19864454288041541,
    "WER": 0.7848948374760994,
    "CER": 0.5836035201482168,
    "Cosine Dist.": 0.5764727301745336
  },
  "occ_eval_res": {
    "precision": 53.3199,
    "recall": 25.3346,
    "f-score": 34.3487
  },
  "clean_eval": {
    "f-score": 19.64167219641672,
    "precision": 14.524043179587832,
    "recall": 30.327868852459016,
    "tp": 148,
    "fp": 871,
    "fn": 340
  },
  "jaccard": [
    0.6028708133971292
  ],
  "braycurtis": [
    0.3524520457337239
  ],
  "dice": [
    0.4315068493150685
  ],
  "cosinus": [
    0.14031347175443454
  ]
}