{
  "voc_eval_res": {
    "precision": 34.8148,
    "recall": 32.6389,
    "f-score": 33.6918
  },
  "KL_res": {
    "KL divergence": 1.9541779674147277,
    "Euclidean Dist.": 0.10335339676101427,
    "WER": 0.8333333333333334,
    "CER": 0.6887346502936466,
    "Cosine Dist.": 0.13350427079441674
  },
  "occ_eval_res": {
    "precision": 45.5285,
    "recall": 47.8632,
    "f-score": 46.6667
  },
  "clean_eval": {
    "f-score": 20.346320346320343,
    "precision": 20.79646017699115,
    "recall": 19.915254237288135,
    "tp": 47,
    "fp": 179,
    "fn": 189
  },
  "jaccard": [
    0.5064562410329986
  ],
  "braycurtis": [
    0.2706729575366278
  ],
  "dice": [
    0.3390970220941403
  ],
  "cosinus": [
    0.05536130196274047
  ]
}