{
  "voc_eval_res": {
    "precision": 48.3051,
    "recall": 18.75,
    "f-score": 27.0142
  },
  "KL_res": {
    "KL divergence": 3.1154488312436377,
    "Euclidean Dist.": 0.1761636859791917,
    "WER": 0.8240270727580372,
    "CER": 0.5684803001876173,
    "Cosine Dist.": 0.3682445946964302
  },
  "occ_eval_res": {
    "precision": 53.3333,
    "recall": 27.0728,
    "f-score": 35.9147
  },
  "clean_eval": {
    "f-score": 14.814814814814817,
    "precision": 11.24031007751938,
    "recall": 21.722846441947567,
    "tp": 58,
    "fp": 458,
    "fn": 209
  },
  "jaccard": [
    0.6402349486049926
  ],
  "braycurtis": [
    0.34085617051764283
  ],
  "dice": [
    0.4708423326133909
  ],
  "cosinus": [
    0.15194840131967702
  ]
}