{
  "voc_eval_res": {
    "precision": 46.5909,
    "recall": 11.8669,
    "f-score": 18.9158
  },
  "KL_res": {
    "KL divergence": 3.395533147891658,
    "Euclidean Dist.": 0.1739417566051552,
    "WER": 0.8620352250489237,
    "CER": 0.7035782653512002,
    "Cosine Dist.": 0.6572615461582856
  },
  "occ_eval_res": {
    "precision": 47.1098,
    "recall": 15.9491,
    "f-score": 23.8304
  },
  "clean_eval": {
    "f-score": 12.736921910538287,
    "precision": 8.55397148676171,
    "recall": 24.92581602373887,
    "tp": 84,
    "fp": 898,
    "fn": 253
  },
  "jaccard": [
    0.6656462585034013
  ],
  "braycurtis": [
    0.4967387928356973
  ],
  "dice": [
    0.49885291868468007
  ],
  "cosinus": [
    0.15484949402169956
  ]
}