{
  "voc_eval_res": {
    "precision": 51.2855,
    "recall": 30.5153,
    "f-score": 38.2635
  },
  "KL_res": {
    "KL divergence": 1.3276679703126482,
    "Euclidean Dist.": 0.09926858255240427,
    "WER": 0.6417153996101365,
    "CER": 0.47734228452956856,
    "Cosine Dist.": 0.03911411616616234
  },
  "occ_eval_res": {
    "precision": 58.5623,
    "recall": 49.8635,
    "f-score": 53.864
  },
  "clean_eval": {
    "f-score": 33.62143474503026,
    "precision": 31.38362242839855,
    "recall": 36.20288506281992,
    "tp": 778,
    "fp": 1701,
    "fn": 1371
  },
  "jaccard": [
    0.5250851305334847
  ],
  "braycurtis": [
    0.1817528735632184
  ],
  "dice": [
    0.35601046636909345
  ],
  "cosinus": [
    0.028531134460563767
  ]
}