{
  "voc_eval_res": {
    "precision": 40.0,
    "recall": 33.4906,
    "f-score": 36.457
  },
  "KL_res": {
    "KL divergence": 1.5307328102845803,
    "Euclidean Dist.": 0.08825405771994603,
    "WER": 0.7756696428571429,
    "CER": 0.5851008117308196,
    "Cosine Dist.": 0.10211365780133497
  },
  "occ_eval_res": {
    "precision": 47.9103,
    "recall": 52.4554,
    "f-score": 50.0799
  },
  "clean_eval": {
    "f-score": 23.702031602708804,
    "precision": 24.793388429752067,
    "recall": 22.702702702702705,
    "tp": 210,
    "fp": 637,
    "fn": 715
  },
  "jaccard": [
    0.454360228198859
  ],
  "braycurtis": [
    0.19508467322858714
  ],
  "dice": [
    0.29396256261534404
  ],
  "cosinus": [
    0.03556040125544169
  ]
}