{
  "voc_eval_res": {
    "precision": 44.5806,
    "recall": 62.8881,
    "f-score": 52.175
  },
  "KL_res": {
    "KL divergence": 0.2528211612500143,
    "Euclidean Dist.": 0.03117032992825605,
    "WER": 0.2779415736406194,
    "CER": 0.09136438812057997,
    "Cosine Dist.": 0.04351152172368622
  },
  "occ_eval_res": {
    "precision": 77.4618,
    "recall": 78.1565,
    "f-score": 77.8076
  },
  "clean_eval": {
    "f-score": 71.06768022414623,
    "precision": 70.81397743655461,
    "recall": 71.32320741235854,
    "tp": 61890,
    "fp": 25508,
    "fn": 24884
  },
  "jaccard": [
    0.6564245810055865
  ],
  "braycurtis": [
    0.1388575513641616
  ],
  "dice": [
    0.4885654885654886
  ],
  "cosinus": [
    0.023598943997033883
  ]
}