{
  "voc_eval_res": {
    "precision": 72.0183,
    "recall": 39.5466,
    "f-score": 51.0569
  },
  "KL_res": {
    "KL divergence": 2.4959121773171655,
    "Euclidean Dist.": 0.35299015883855395,
    "WER": 0.704225352112676,
    "CER": 0.49133574007220215,
    "Cosine Dist.": 0.7523514134724986
  },
  "occ_eval_res": {
    "precision": 71.1694,
    "recall": 33.1455,
    "f-score": 45.2274
  },
  "clean_eval": {
    "f-score": 27.87958115183246,
    "precision": 20.461095100864554,
    "recall": 43.737166324435314,
    "tp": 213,
    "fp": 828,
    "fn": 274
  },
  "jaccard": [
    0.4436396559529199
  ],
  "braycurtis": [
    0.2969690887193898
  ],
  "dice": [
    0.2850494473531123
  ],
  "cosinus": [
    0.38972875451425293
  ]
}