{
  "voc_eval_res": {
    "precision": 59.893,
    "recall": 23.9829,
    "f-score": 34.2508
  },
  "KL_res": {
    "KL divergence": 1.9010378824202374,
    "Euclidean Dist.": 0.1804225405768297,
    "WER": 0.7811080835603996,
    "CER": 0.6128407182534557,
    "Cosine Dist.": 0.2353118866359033
  },
  "occ_eval_res": {
    "precision": 49.348,
    "recall": 44.6866,
    "f-score": 46.9018
  },
  "clean_eval": {
    "f-score": 18.736842105263158,
    "precision": 17.2147001934236,
    "recall": 20.554272517321014,
    "tp": 178,
    "fp": 856,
    "fn": 688
  },
  "jaccard": [
    0.59747493501671
  ],
  "braycurtis": [
    0.32488464698818026
  ],
  "dice": [
    0.4259994704792163
  ],
  "cosinus": [
    0.1345663257054116
  ]
}