{
  "voc_eval_res": {
    "precision": 59.2593,
    "recall": 21.6216,
    "f-score": 31.6832
  },
  "KL_res": {
    "KL divergence": 4.739362663330999,
    "Euclidean Dist.": 0.3962222177806348,
    "WER": 0.7870619946091644,
    "CER": 0.653090909090909,
    "Cosine Dist.": 0.7273476539490025
  },
  "occ_eval_res": {
    "precision": 56.8627,
    "recall": 23.4501,
    "f-score": 33.2061
  },
  "clean_eval": {
    "f-score": 33.33333333333333,
    "precision": 24.610591900311526,
    "recall": 51.633986928104584,
    "tp": 79,
    "fp": 242,
    "fn": 74
  },
  "jaccard": [
    0.6707211120764552
  ],
  "braycurtis": [
    0.5224460082504246
  ],
  "dice": [
    0.5045751633986928
  ],
  "cosinus": [
    0.5643417997847495
  ]
}