{
  "voc_eval_res": {
    "precision": 45.0446,
    "recall": 65.6024,
    "f-score": 53.4137
  },
  "KL_res": {
    "KL divergence": 0.25101691609217247,
    "Euclidean Dist.": 0.030075710707833277,
    "WER": 0.28027915353444394,
    "CER": 0.08371618172537008,
    "Cosine Dist.": 0.0355340198138715
  },
  "occ_eval_res": {
    "precision": 77.0869,
    "recall": 78.4579,
    "f-score": 77.7664
  },
  "clean_eval": {
    "f-score": 69.34580283726393,
    "precision": 69.37714698969445,
    "recall": 69.31448699421965,
    "tp": 30698,
    "fp": 13550,
    "fn": 13590
  },
  "jaccard": [
    0.6338508140855736
  ],
  "braycurtis": [
    0.14095063658522533
  ],
  "dice": [
    0.4639689578713969
  ],
  "cosinus": [
    0.029329254836603313
  ]
}