{
  "voc_eval_res": {
    "precision": 56.4103,
    "recall": 23.8267,
    "f-score": 33.5025
  },
  "KL_res": {
    "KL divergence": 3.076917490217455,
    "Euclidean Dist.": 0.19549823750252768,
    "WER": 0.7455830388692579,
    "CER": 0.5164930555555556,
    "Cosine Dist.": 0.402305942290174
  },
  "occ_eval_res": {
    "precision": 59.4595,
    "recall": 31.0954,
    "f-score": 40.8353
  },
  "clean_eval": {
    "f-score": 15.311004784688997,
    "precision": 11.829944547134936,
    "recall": 21.694915254237287,
    "tp": 64,
    "fp": 477,
    "fn": 231
  },
  "jaccard": [
    0.6203703703703703
  ],
  "braycurtis": [
    0.3295087265675501
  ],
  "dice": [
    0.44966442953020136
  ],
  "cosinus": [
    0.18287467762422904
  ]
}