{
  "voc_eval_res": {
    "precision": 50.6352,
    "recall": 65.7801,
    "f-score": 57.2225
  },
  "KL_res": {
    "KL divergence": 0.22920839903505058,
    "Euclidean Dist.": 0.027669954055926926,
    "WER": 0.23747759896378573,
    "CER": 0.08862825526414708,
    "Cosine Dist.": 0.024388645197019443
  },
  "occ_eval_res": {
    "precision": 80.6175,
    "recall": 80.8407,
    "f-score": 80.729
  },
  "clean_eval": {
    "f-score": 74.22234996337743,
    "precision": 73.74986181228581,
    "recall": 74.70093126551332,
    "tp": 40027,
    "fp": 14247,
    "fn": 13556
  },
  "jaccard": [
    0.6403436614569052
  ],
  "braycurtis": [
    0.13431117181792193
  ],
  "dice": [
    0.47095993546652326
  ],
  "cosinus": [
    0.017753797859965448
  ]
}