{
  "voc_eval_res": {
    "precision": 62.6168,
    "recall": 17.6781,
    "f-score": 27.572
  },
  "KL_res": {
    "KL divergence": 2.6473334951310115,
    "Euclidean Dist.": 0.17257413836310723,
    "WER": 0.7447833065810594,
    "CER": 0.6646513502619912,
    "Cosine Dist.": 0.2204492522093604
  },
  "occ_eval_res": {
    "precision": 66.9091,
    "recall": 29.5345,
    "f-score": 40.98
  },
  "clean_eval": {
    "f-score": 18.036529680365295,
    "precision": 13.036303630363037,
    "recall": 29.259259259259256,
    "tp": 79,
    "fp": 527,
    "fn": 191
  },
  "jaccard": [
    0.620604259534423
  ],
  "braycurtis": [
    0.4486306130960656
  ],
  "dice": [
    0.44991023339317776
  ],
  "cosinus": [
    0.18580465967092863
  ]
}