{
  "voc_eval_res": {
    "precision": 65.5172,
    "recall": 9.8446,
    "f-score": 17.1171
  },
  "KL_res": {
    "KL divergence": 4.984387250524565,
    "Euclidean Dist.": 0.36673282983491823,
    "WER": 0.8321167883211679,
    "CER": 0.684251660805002,
    "Cosine Dist.": 0.6213226028693076
  },
  "occ_eval_res": {
    "precision": 64.8148,
    "recall": 17.0316,
    "f-score": 26.975
  },
  "clean_eval": {
    "f-score": 28.498727735368956,
    "precision": 19.17808219178082,
    "recall": 55.44554455445545,
    "tp": 56,
    "fp": 236,
    "fn": 45
  },
  "jaccard": [
    0.7954696868754164
  ],
  "braycurtis": [
    0.5544255085211655
  ],
  "dice": [
    0.6603982300884956
  ],
  "cosinus": [
    0.35603584878262295
  ]
}