{
  "voc_eval_res": {
    "precision": 68.9655,
    "recall": 28.169,
    "f-score": 40.0
  },
  "KL_res": {
    "KL divergence": 3.857598257286073,
    "Euclidean Dist.": 0.3610232786702377,
    "WER": 0.6883720930232559,
    "CER": 0.5851137146795313,
    "Cosine Dist.": 0.4130573125192396
  },
  "occ_eval_res": {
    "precision": 67.8899,
    "recall": 34.4186,
    "f-score": 45.679
  },
  "clean_eval": {
    "f-score": 52.78810408921933,
    "precision": 43.82716049382716,
    "recall": 66.35514018691589,
    "tp": 71,
    "fp": 91,
    "fn": 36
  },
  "jaccard": [
    0.5326460481099656
  ],
  "braycurtis": [
    0.42270318021201414
  ],
  "dice": [
    0.3629976580796253
  ],
  "cosinus": [
    0.4177319473376305
  ]
}