{
  "voc_eval_res": {
    "precision": 48.5849,
    "recall": 41.5323,
    "f-score": 44.7826
  },
  "KL_res": {
    "KL divergence": 1.269695868209069,
    "Euclidean Dist.": 0.06990909763271726,
    "WER": 0.672686230248307,
    "CER": 0.5369346733668342,
    "Cosine Dist.": 0.0514456580536935
  },
  "occ_eval_res": {
    "precision": 58.9327,
    "recall": 57.3363,
    "f-score": 58.1236
  },
  "clean_eval": {
    "f-score": 30.806257521058967,
    "precision": 30.260047281323878,
    "recall": 31.372549019607842,
    "tp": 128,
    "fp": 295,
    "fn": 280
  },
  "jaccard": [
    0.4399788471708091
  ],
  "braycurtis": [
    0.18278760506837285
  ],
  "dice": [
    0.28203389830508474
  ],
  "cosinus": [
    0.025302028482448002
  ]
}