{
  "voc_eval_res": {
    "precision": 56.4103,
    "recall": 24.1758,
    "f-score": 33.8462
  },
  "KL_res": {
    "KL divergence": 2.3828216675065494,
    "Euclidean Dist.": 0.14818256294173937,
    "WER": 0.6982456140350877,
    "CER": 0.39986559139784944,
    "Cosine Dist.": 0.15909018015108256
  },
  "occ_eval_res": {
    "precision": 62.0561,
    "recall": 38.8304,
    "f-score": 47.7698
  },
  "clean_eval": {
    "f-score": 26.127527216174183,
    "precision": 21.428571428571427,
    "recall": 33.46613545816733,
    "tp": 168,
    "fp": 616,
    "fn": 334
  },
  "jaccard": [
    0.585832246849196
  ],
  "braycurtis": [
    0.22989653294608822
  ],
  "dice": [
    0.414259373079287
  ],
  "cosinus": [
    0.05256925019479719
  ]
}