{
  "voc_eval_res": {
    "precision": 36.9118,
    "recall": 62.8614,
    "f-score": 46.512
  },
  "KL_res": {
    "KL divergence": 0.26267999139414827,
    "Euclidean Dist.": 0.04014929229601455,
    "WER": 0.3290282003276387,
    "CER": 0.11269909816347509,
    "Cosine Dist.": 0.07420078683080777
  },
  "occ_eval_res": {
    "precision": 72.8007,
    "recall": 79.35,
    "f-score": 75.9344
  },
  "clean_eval": {
    "f-score": 65.73057564724638,
    "precision": 68.72206937711982,
    "recall": 62.98865910607071,
    "tp": 94420,
    "fp": 42974,
    "fn": 55480
  },
  "jaccard": [
    0.7663477269347082
  ],
  "braycurtis": [
    0.15496956187698496
  ],
  "dice": [
    0.6212023790387398
  ],
  "cosinus": [
    0.03135838797815094
  ]
}