{
  "voc_eval_res": {
    "precision": 58.9744,
    "recall": 16.8704,
    "f-score": 26.2357
  },
  "KL_res": {
    "KL divergence": 4.131559023243606,
    "Euclidean Dist.": 0.2571285126864552,
    "WER": 0.8248095756256801,
    "CER": 0.5750983568618375,
    "Cosine Dist.": 0.7133342000993046
  },
  "occ_eval_res": {
    "precision": 60.473,
    "recall": 19.4777,
    "f-score": 29.465
  },
  "clean_eval": {
    "f-score": 13.487133984028393,
    "precision": 9.134615384615383,
    "recall": 25.76271186440678,
    "tp": 76,
    "fp": 756,
    "fn": 219
  },
  "jaccard": [
    0.7271458478715981
  ],
  "braycurtis": [
    0.4537183544303797
  ],
  "dice": [
    0.5712719298245614
  ],
  "cosinus": [
    0.4174056339858879
  ]
}