{
  "voc_eval_res": {
    "precision": 13.6364,
    "recall": 0.7519,
    "f-score": 1.4252
  },
  "KL_res": {
    "KL divergence": 4.147605782610302,
    "Euclidean Dist.": 0.2370988804617175,
    "WER": 0.9915853248064624,
    "CER": 0.9295731590813558,
    "Cosine Dist.": 0.9094744082550602
  },
  "occ_eval_res": {
    "precision": 11.8421,
    "recall": 1.2117,
    "f-score": 2.1985
  },
  "clean_eval": {
    "f-score": 0.20080321285140565,
    "precision": 0.11160714285714285,
    "recall": 1.0,
    "tp": 3,
    "fp": 2685,
    "fn": 297
  },
  "jaccard": [
    0.8692226890756303
  ],
  "braycurtis": [
    0.8733324068927182
  ],
  "dice": [
    0.7686948444031584
  ],
  "cosinus": [
    0.32515010167804936
  ]
}