{
  "voc_eval_res": {
    "precision": 7.7982,
    "recall": 0.5759,
    "f-score": 1.0726
  },
  "KL_res": {
    "KL divergence": 3.992453195265949,
    "Euclidean Dist.": 0.19186021026840308,
    "WER": 0.9929873772791024,
    "CER": 0.8896753457802175,
    "Cosine Dist.": 0.9608689752772646
  },
  "occ_eval_res": {
    "precision": 7.4447,
    "recall": 0.8649,
    "f-score": 1.5497
  },
  "clean_eval": {
    "f-score": 0.04404316229905307,
    "precision": 0.024673081667900318,
    "recall": 0.20491803278688525,
    "tp": 1,
    "fp": 4052,
    "fn": 487
  },
  "jaccard": [
    0.812822966507177
  ],
  "braycurtis": [
    0.806344166355373
  ],
  "dice": [
    0.6846687086893438
  ],
  "cosinus": [
    0.2877767547153921
  ]
}