{
  "voc_eval_res": {
    "precision": 8.5227,
    "recall": 0.462,
    "f-score": 0.8764
  },
  "KL_res": {
    "KL divergence": 3.7127599992527354,
    "Euclidean Dist.": 0.1624859304474524,
    "WER": 0.9939759036144579,
    "CER": 0.9226102639777013,
    "Cosine Dist.": 0.9356328210345998
  },
  "occ_eval_res": {
    "precision": 9.5376,
    "recall": 0.7646,
    "f-score": 1.4157
  },
  "clean_eval": {
    "f-score": 0.045075501464953795,
    "precision": 0.024390243902439025,
    "recall": 0.2967359050445104,
    "tp": 1,
    "fp": 4099,
    "fn": 336
  },
  "jaccard": [
    0.8294661384644406
  ],
  "braycurtis": [
    0.8637244669748024
  ],
  "dice": [
    0.7086220789685738
  ],
  "cosinus": [
    0.26473974033008607
  ]
}