{
  "voc_eval_res": {
    "precision": 11.4286,
    "recall": 0.5141,
    "f-score": 0.984
  },
  "KL_res": {
    "KL divergence": 3.6083730766766586,
    "Euclidean Dist.": 0.14140176466731924,
    "WER": 0.9948669201520912,
    "CER": 0.9379418272084615,
    "Cosine Dist.": 0.9270671913573801
  },
  "occ_eval_res": {
    "precision": 11.8211,
    "recall": 0.7034,
    "f-score": 1.3278
  },
  "clean_eval": {
    "f-score": 0.037835792659856225,
    "precision": 0.020064205457463884,
    "recall": 0.33112582781456956,
    "tp": 1,
    "fp": 4983,
    "fn": 301
  },
  "jaccard": [
    0.8390417036379769
  ],
  "braycurtis": [
    0.8883549816052256
  ],
  "dice": [
    0.7227147661265668
  ],
  "cosinus": [
    0.2368980564868579
  ]
}