{
  "voc_eval_res": {
    "precision": 79.3103,
    "recall": 37.9121,
    "f-score": 51.3011
  },
  "KL_res": {
    "KL divergence": 3.391950791250698,
    "Euclidean Dist.": 0.31104632964956863,
    "WER": 0.643609022556391,
    "CER": 0.7147243545010468,
    "Cosine Dist.": 0.5812166372410617
  },
  "occ_eval_res": {
    "precision": 82.1656,
    "recall": 38.797,
    "f-score": 52.7068
  },
  "clean_eval": {
    "f-score": 16.49484536082474,
    "precision": 12.139605462822459,
    "recall": 25.723472668810288,
    "tp": 80,
    "fp": 579,
    "fn": 231
  },
  "jaccard": [
    0.43908421913327883
  ],
  "braycurtis": [
    0.5408471224893329
  ],
  "dice": [
    0.28129910948140385
  ],
  "cosinus": [
    0.4700386528945978
  ]
}