{
  "voc_eval_res": {
    "precision": 76.4706,
    "recall": 36.5169,
    "f-score": 49.4297
  },
  "KL_res": {
    "KL divergence": 3.443283551280239,
    "Euclidean Dist.": 0.33665659357328925,
    "WER": 0.6802610114192496,
    "CER": 0.7245756231839731,
    "Cosine Dist.": 0.5927161340797535
  },
  "occ_eval_res": {
    "precision": 78.2143,
    "recall": 35.7259,
    "f-score": 49.0482
  },
  "clean_eval": {
    "f-score": 17.41176470588235,
    "precision": 12.585034013605442,
    "recall": 28.24427480916031,
    "tp": 74,
    "fp": 514,
    "fn": 188
  },
  "jaccard": [
    0.4543269230769231
  ],
  "braycurtis": [
    0.5530162412993039
  ],
  "dice": [
    0.2939346811819596
  ],
  "cosinus": [
    0.4189906029191449
  ]
}