{
  "voc_eval_res": {
    "precision": 51.4286,
    "recall": 20.2247,
    "f-score": 29.0323
  },
  "KL_res": {
    "KL divergence": 4.147959207789926,
    "Euclidean Dist.": 0.33348976913688,
    "WER": 0.7752293577981652,
    "CER": 0.45351043643263755,
    "Cosine Dist.": 0.4988975525350573
  },
  "occ_eval_res": {
    "precision": 52.2124,
    "recall": 27.0642,
    "f-score": 35.6495
  },
  "clean_eval": {
    "f-score": 31.250000000000007,
    "precision": 25.139664804469277,
    "recall": 41.284403669724774,
    "tp": 45,
    "fp": 134,
    "fn": 64
  },
  "jaccard": [
    0.5660621761658031
  ],
  "braycurtis": [
    0.3058950395398993
  ],
  "dice": [
    0.3947606142728094
  ],
  "cosinus": [
    0.24339369936358246
  ]
}