{
  "voc_eval_res": {
    "precision": 60.5634,
    "recall": 14.7766,
    "f-score": 23.7569
  },
  "KL_res": {
    "KL divergence": 3.568920617411312,
    "Euclidean Dist.": 0.28076524817351056,
    "WER": 0.7753222836095764,
    "CER": 0.5520934761441091,
    "Cosine Dist.": 0.3219489502377232
  },
  "occ_eval_res": {
    "precision": 61.5023,
    "recall": 24.1252,
    "f-score": 34.6561
  },
  "clean_eval": {
    "f-score": 9.267563527653214,
    "precision": 6.798245614035088,
    "recall": 14.553990610328638,
    "tp": 31,
    "fp": 425,
    "fn": 182
  },
  "jaccard": [
    0.7693293464331482
  ],
  "braycurtis": [
    0.4258482653450248
  ],
  "dice": [
    0.6251301631377993
  ],
  "cosinus": [
    0.1841815120414091
  ]
}