{
  "voc_eval_res": {
    "precision": 52.6316,
    "recall": 22.7273,
    "f-score": 31.746
  },
  "KL_res": {
    "KL divergence": 2.924177039866815,
    "Euclidean Dist.": 0.2657190222245145,
    "WER": 0.6818181818181818,
    "CER": 0.5034722222222222,
    "Cosine Dist.": 0.15659527387855499
  },
  "occ_eval_res": {
    "precision": 64.1509,
    "recall": 38.6364,
    "f-score": 48.227
  },
  "clean_eval": {
    "f-score": 34.074074074074076,
    "precision": 27.380952380952383,
    "recall": 45.09803921568628,
    "tp": 23,
    "fp": 61,
    "fn": 28
  },
  "jaccard": [
    0.6058823529411764
  ],
  "braycurtis": [
    0.33093525179856115
  ],
  "dice": [
    0.4345991561181435
  ],
  "cosinus": [
    0.13792977796654515
  ]
}