{
  "voc_eval_res": {
    "precision": 76.4706,
    "recall": 34.9776,
    "f-score": 48.0
  },
  "KL_res": {
    "KL divergence": 1.3814888411507138,
    "Euclidean Dist.": 0.1091926161013174,
    "WER": 0.5330490405117271,
    "CER": 0.42136809057178193,
    "Cosine Dist.": 0.07713813627801513
  },
  "occ_eval_res": {
    "precision": 78.1836,
    "recall": 56.29,
    "f-score": 65.4545
  },
  "clean_eval": {
    "f-score": 34.061524743646906,
    "precision": 30.19762845849802,
    "recall": 39.059304703476485,
    "tp": 382,
    "fp": 883,
    "fn": 596
  },
  "jaccard": [
    0.4869109947643979
  ],
  "braycurtis": [
    0.23540751847488486
  ],
  "dice": [
    0.3217993079584775
  ],
  "cosinus": [
    0.14677704265648162
  ]
}