{
  "voc_eval_res": {
    "precision": 81.7805,
    "recall": 59.8485,
    "f-score": 69.1164
  },
  "KL_res": {
    "KL divergence": 0.5903074644806812,
    "Euclidean Dist.": 0.04667792747367392,
    "WER": 0.3632,
    "CER": 0.24635332252836303,
    "Cosine Dist.": 0.019657095884226927
  },
  "occ_eval_res": {
    "precision": 82.5225,
    "recall": 73.28,
    "f-score": 77.6271
  },
  "clean_eval": {
    "f-score": 69.35763888888887,
    "precision": 65.8154859967051,
    "recall": 73.30275229357798,
    "tp": 799,
    "fp": 415,
    "fn": 291
  },
  "jaccard": [
    0.2622891998564765
  ],
  "braycurtis": [
    0.08441212121212122
  ],
  "dice": [
    0.1509395003097254
  ],
  "cosinus": [
    0.005939602837224167
  ]
}