{
  "voc_eval_res": {
    "precision": 81.6112,
    "recall": 51.7203,
    "f-score": 63.3152
  },
  "KL_res": {
    "KL divergence": 1.0507282418596378,
    "Euclidean Dist.": 0.08655855479267363,
    "WER": 0.459224985540775,
    "CER": 0.3215391108610017,
    "Cosine Dist.": 0.06361616001144832
  },
  "occ_eval_res": {
    "precision": 79.1946,
    "recall": 61.4228,
    "f-score": 69.1857
  },
  "clean_eval": {
    "f-score": 59.24932975871313,
    "precision": 52.61904761904762,
    "recall": 67.79141104294479,
    "tp": 884,
    "fp": 796,
    "fn": 420
  },
  "jaccard": [
    0.3477637614678899
  ],
  "braycurtis": [
    0.12892025089605735
  ],
  "dice": [
    0.21048065243796635
  ],
  "cosinus": [
    0.022862021522824016
  ]
}