{
  "voc_eval_res": {
    "precision": 77.9279,
    "recall": 57.4751,
    "f-score": 66.1568
  },
  "KL_res": {
    "KL divergence": 0.5703198760265483,
    "Euclidean Dist.": 0.04767503697241839,
    "WER": 0.33376455368693403,
    "CER": 0.2675955185291583,
    "Cosine Dist.": 0.00920943462106183
  },
  "occ_eval_res": {
    "precision": 86.8925,
    "recall": 76.326,
    "f-score": 81.2672
  },
  "clean_eval": {
    "f-score": 60.86956521739131,
    "precision": 57.48344370860927,
    "recall": 64.6795827123696,
    "tp": 434,
    "fp": 321,
    "fn": 237
  },
  "jaccard": [
    0.35961995249406176
  ],
  "braycurtis": [
    0.09984387777860382
  ],
  "dice": [
    0.21922965537214018
  ],
  "cosinus": [
    0.00668857045468807
  ]
}