{
  "voc_eval_res": {
    "precision": 76.8844,
    "recall": 53.125,
    "f-score": 62.8337
  },
  "KL_res": {
    "KL divergence": 1.1387637573300131,
    "Euclidean Dist.": 0.11410398694037713,
    "WER": 0.4543147208121827,
    "CER": 0.33883622098725075,
    "Cosine Dist.": 0.11435086405508899
  },
  "occ_eval_res": {
    "precision": 82.3826,
    "recall": 62.3096,
    "f-score": 70.9538
  },
  "clean_eval": {
    "f-score": 51.09809663250366,
    "precision": 44.91634491634492,
    "recall": 59.25297113752123,
    "tp": 349,
    "fp": 428,
    "fn": 240
  },
  "jaccard": [
    0.3149915777653004
  ],
  "braycurtis": [
    0.1712174461566189
  ],
  "dice": [
    0.18693768743752082
  ],
  "cosinus": [
    0.05847979011308124
  ]
}