{
  "voc_eval_res": {
    "precision": 76.1905,
    "recall": 53.6913,
    "f-score": 62.9921
  },
  "KL_res": {
    "KL divergence": 0.5247214768439585,
    "Euclidean Dist.": 0.051132596767397114,
    "WER": 0.3159090909090909,
    "CER": 0.24785461887935387,
    "Cosine Dist.": 0.006424709142120788
  },
  "occ_eval_res": {
    "precision": 88.6968,
    "recall": 75.7955,
    "f-score": 81.7402
  },
  "clean_eval": {
    "f-score": 64.08977556109726,
    "precision": 59.76744186046512,
    "recall": 69.08602150537635,
    "tp": 514,
    "fp": 346,
    "fn": 230
  },
  "jaccard": [
    0.36872309899569583
  ],
  "braycurtis": [
    0.10269371466577985
  ],
  "dice": [
    0.2260334212840809
  ],
  "cosinus": [
    0.005171370387108798
  ]
}