{
  "voc_eval_res": {
    "precision": 71.7073,
    "recall": 17.6471,
    "f-score": 28.3237
  },
  "KL_res": {
    "KL divergence": 1.962441526915709,
    "Euclidean Dist.": 0.15169308388014374,
    "WER": 0.7291803278688525,
    "CER": 0.5994653789773218,
    "Cosine Dist.": 0.12790523760209715
  },
  "occ_eval_res": {
    "precision": 67.7043,
    "recall": 34.2295,
    "f-score": 45.4704
  },
  "clean_eval": {
    "f-score": 25.875758991125643,
    "precision": 20.087019579405364,
    "recall": 36.351706036745405,
    "tp": 277,
    "fp": 1102,
    "fn": 485
  },
  "jaccard": [
    0.6978035849532946
  ],
  "braycurtis": [
    0.3207988102825579
  ],
  "dice": [
    0.5358666149670415
  ],
  "cosinus": [
    0.06273300406214799
  ]
}