{
  "voc_eval_res": {
    "precision": 68.1592,
    "recall": 34.596,
    "f-score": 45.8961
  },
  "KL_res": {
    "KL divergence": 1.2483246759380844,
    "Euclidean Dist.": 0.12356748104541461,
    "WER": 0.6582969432314411,
    "CER": 0.5034776437189497,
    "Cosine Dist.": 0.11132866185597756
  },
  "occ_eval_res": {
    "precision": 67.6768,
    "recall": 51.2009,
    "f-score": 58.2971
  },
  "clean_eval": {
    "f-score": 37.540453074433664,
    "precision": 33.99765533411489,
    "recall": 41.90751445086705,
    "tp": 290,
    "fp": 563,
    "fn": 402
  },
  "jaccard": [
    0.49626373626373627
  ],
  "braycurtis": [
    0.21084891204413117
  ],
  "dice": [
    0.3300204618532593
  ],
  "cosinus": [
    0.04116241796792797
  ]
}