{
  "voc_eval_res": {
    "precision": 72.0183,
    "recall": 39.5466,
    "f-score": 51.0569
  },
  "KL_res": {
    "KL divergence": 2.4867991734666797,
    "Euclidean Dist.": 0.3527510549220328,
    "WER": 0.7032863849765258,
    "CER": 0.49097472924187724,
    "Cosine Dist.": 0.7517168065012969
  },
  "occ_eval_res": {
    "precision": 71.2274,
    "recall": 33.2394,
    "f-score": 45.3265
  },
  "clean_eval": {
    "f-score": 27.99215173315893,
    "precision": 20.557156580211338,
    "recall": 43.85245901639344,
    "tp": 214,
    "fp": 827,
    "fn": 274
  },
  "jaccard": [
    0.4431869624264373
  ],
  "braycurtis": [
    0.2967088099538431
  ],
  "dice": [
    0.28467577784239606
  ],
  "cosinus": [
    0.38943233694414403
  ]
}