{
  "voc_eval_res": {
    "precision": 46.6667,
    "recall": 42.2819,
    "f-score": 44.3662
  },
  "KL_res": {
    "KL divergence": 1.440760573601649,
    "Euclidean Dist.": 0.09446565365651023,
    "WER": 0.7478632478632479,
    "CER": 0.6199488491048594,
    "Cosine Dist.": 0.10889900525479623
  },
  "occ_eval_res": {
    "precision": 54.878,
    "recall": 57.6923,
    "f-score": 56.25
  },
  "clean_eval": {
    "f-score": 29.87012987012987,
    "precision": 30.53097345132743,
    "recall": 29.23728813559322,
    "tp": 69,
    "fp": 157,
    "fn": 167
  },
  "jaccard": [
    0.476123595505618
  ],
  "braycurtis": [
    0.23588120740019475
  ],
  "dice": [
    0.31244239631336407
  ],
  "cosinus": [
    0.044724466163979404
  ]
}