{
  "voc_eval_res": {
    "precision": 71.2121,
    "recall": 45.4106,
    "f-score": 55.4572
  },
  "KL_res": {
    "KL divergence": 3.677844236399796,
    "Euclidean Dist.": 0.4064228291256509,
    "WER": 0.6642728904847397,
    "CER": 0.4802821417120872,
    "Cosine Dist.": 0.7606283896120585
  },
  "occ_eval_res": {
    "precision": 68.0921,
    "recall": 37.1634,
    "f-score": 48.0836
  },
  "clean_eval": {
    "f-score": 29.882352941176464,
    "precision": 23.09090909090909,
    "recall": 42.333333333333336,
    "tp": 127,
    "fp": 423,
    "fn": 173
  },
  "jaccard": [
    0.361211247296323
  ],
  "braycurtis": [
    0.30697500932487876
  ],
  "dice": [
    0.22041355037395513
  ],
  "cosinus": [
    0.4220358734832048
  ]
}