{
  "voc_eval_res": {
    "precision": 71.1864,
    "recall": 48.8372,
    "f-score": 57.931
  },
  "KL_res": {
    "KL divergence": 1.0695898146014289,
    "Euclidean Dist.": 0.0920768497425026,
    "WER": 0.49404761904761907,
    "CER": 0.33903508771929824,
    "Cosine Dist.": 0.0758200579225603
  },
  "occ_eval_res": {
    "precision": 70.3333,
    "recall": 62.7976,
    "f-score": 66.3522
  },
  "clean_eval": {
    "f-score": 41.62257495590829,
    "precision": 39.33333333333333,
    "recall": 44.19475655430712,
    "tp": 118,
    "fp": 182,
    "fn": 149
  },
  "jaccard": [
    0.3783982365907421
  ],
  "braycurtis": [
    0.17432195975503062
  ],
  "dice": [
    0.23334843679202538
  ],
  "cosinus": [
    0.028256704260709697
  ]
}