{
  "voc_eval_res": {
    "precision": 75.9259,
    "recall": 26.4516,
    "f-score": 39.2344
  },
  "KL_res": {
    "KL divergence": 1.1336031139051523,
    "Euclidean Dist.": 0.27389019577822005,
    "WER": 0.41581632653061223,
    "CER": 0.2877833753148615,
    "Cosine Dist.": 0.002865741456595572
  },
  "occ_eval_res": {
    "precision": 79.7468,
    "recall": 64.2857,
    "f-score": 71.1864
  },
  "clean_eval": {
    "f-score": 31.578947368421055,
    "precision": 28.68217054263566,
    "recall": 35.12658227848101,
    "tp": 111,
    "fp": 276,
    "fn": 205
  },
  "jaccard": [
    0.5556514236410699
  ],
  "braycurtis": [
    0.16813864355940678
  ],
  "dice": [
    0.3847072879330944
  ],
  "cosinus": [
    0.00653592746688636
  ]
}