{
  "voc_eval_res": {
    "precision": 78.7611,
    "recall": 36.0324,
    "f-score": 49.4444
  },
  "KL_res": {
    "KL divergence": 1.5189526514638325,
    "Euclidean Dist.": 0.12794526799496242,
    "WER": 0.53276955602537,
    "CER": 0.40425531914893614,
    "Cosine Dist.": 0.11541812299208554
  },
  "occ_eval_res": {
    "precision": 82.5342,
    "recall": 50.9514,
    "f-score": 63.0065
  },
  "clean_eval": {
    "f-score": 35.388739946380696,
    "precision": 28.509719222462206,
    "recall": 46.64310954063604,
    "tp": 132,
    "fp": 331,
    "fn": 151
  },
  "jaccard": [
    0.4617775015537601
  ],
  "braycurtis": [
    0.2204032397036016
  ],
  "dice": [
    0.3002020202020202
  ],
  "cosinus": [
    0.04440184291276783
  ]
}