{
  "voc_eval_res": {
    "precision": 82.7586,
    "recall": 46.1538,
    "f-score": 59.2593
  },
  "KL_res": {
    "KL divergence": 1.4141133933431957,
    "Euclidean Dist.": 0.1263480701012024,
    "WER": 0.5119549929676512,
    "CER": 0.3526148969889065,
    "Cosine Dist.": 0.1554451841629787
  },
  "occ_eval_res": {
    "precision": 82.2176,
    "recall": 55.2743,
    "f-score": 66.106
  },
  "clean_eval": {
    "f-score": 43.72331340734415,
    "precision": 36.46723646723647,
    "recall": 54.58422174840085,
    "tp": 256,
    "fp": 446,
    "fn": 213
  },
  "jaccard": [
    0.3925596890616324
  ],
  "braycurtis": [
    0.18298291721419185
  ],
  "dice": [
    0.24421416234887738
  ],
  "cosinus": [
    0.052445141310681787
  ]
}