{
  "voc_eval_res": {
    "precision": 46.2585,
    "recall": 45.6376,
    "f-score": 45.9459
  },
  "KL_res": {
    "KL divergence": 1.3368799287121202,
    "Euclidean Dist.": 0.0874955562178328,
    "WER": 0.7478632478632479,
    "CER": 0.6281329923273657,
    "Cosine Dist.": 0.10395767070685868
  },
  "occ_eval_res": {
    "precision": 53.9924,
    "recall": 60.6838,
    "f-score": 57.1429
  },
  "clean_eval": {
    "f-score": 29.769392033542978,
    "precision": 31.41592920353982,
    "recall": 28.286852589641438,
    "tp": 71,
    "fp": 155,
    "fn": 180
  },
  "jaccard": [
    0.47135955831608006
  ],
  "braycurtis": [
    0.23235433443865466
  ],
  "dice": [
    0.30835214446952597
  ],
  "cosinus": [
    0.040633639051902315
  ]
}