{
  "voc_eval_res": {
    "precision": 60.177,
    "recall": 19.3732,
    "f-score": 29.3103
  },
  "KL_res": {
    "KL divergence": 2.5573402471984945,
    "Euclidean Dist.": 0.16494564302391856,
    "WER": 0.7324955116696589,
    "CER": 0.609530418690724,
    "Cosine Dist.": 0.17831907104771016
  },
  "occ_eval_res": {
    "precision": 61.6438,
    "recall": 32.316,
    "f-score": 42.4028
  },
  "clean_eval": {
    "f-score": 18.359853121175032,
    "precision": 14.04494382022472,
    "recall": 26.501766784452297,
    "tp": 75,
    "fp": 459,
    "fn": 208
  },
  "jaccard": [
    0.6046277665995976
  ],
  "braycurtis": [
    0.3838085389274634
  ],
  "dice": [
    0.43330930064888246
  ],
  "cosinus": [
    0.13439253806200757
  ]
}