{
  "voc_eval_res": {
    "precision": 35.6061,
    "recall": 2.6811,
    "f-score": 4.9867
  },
  "KL_res": {
    "KL divergence": 4.141879357968282,
    "Euclidean Dist.": 0.24047280715894354,
    "WER": 0.9676432006996065,
    "CER": 0.8818438135204248,
    "Cosine Dist.": 0.8159679384397144
  },
  "occ_eval_res": {
    "precision": 29.9342,
    "recall": 3.979,
    "f-score": 7.0243
  },
  "clean_eval": {
    "f-score": 3.6815068493150687,
    "precision": 2.111984282907662,
    "recall": 14.333333333333334,
    "tp": 43,
    "fp": 1993,
    "fn": 257
  },
  "jaccard": [
    0.8491063029162746
  ],
  "braycurtis": [
    0.7806400809944316
  ],
  "dice": [
    0.7377799574955043
  ],
  "cosinus": [
    0.23393794105387133
  ]
}