{
  "voc_eval_res": {
    "precision": 25.1852,
    "recall": 5.0147,
    "f-score": 8.3641
  },
  "KL_res": {
    "KL divergence": 3.880288456168485,
    "Euclidean Dist.": 0.17366390761718234,
    "WER": 0.9296482412060302,
    "CER": 0.7754532775453278,
    "Cosine Dist.": 0.34606215503773985
  },
  "occ_eval_res": {
    "precision": 34.5528,
    "recall": 10.6784,
    "f-score": 16.3148
  },
  "clean_eval": {
    "f-score": 1.2024048096192386,
    "precision": 0.7874015748031495,
    "recall": 2.5423728813559325,
    "tp": 6,
    "fp": 756,
    "fn": 230
  },
  "jaccard": [
    0.7030033370411568
  ],
  "braycurtis": [
    0.5665430095061442
  ],
  "dice": [
    0.5420240137221269
  ],
  "cosinus": [
    0.14224039899498286
  ]
}