{
  "voc_eval_res": {
    "precision": 73.3333,
    "recall": 34.0206,
    "f-score": 46.4789
  },
  "KL_res": {
    "KL divergence": 3.3883994039590997,
    "Euclidean Dist.": 0.30451306990209265,
    "WER": 0.6666666666666666,
    "CER": 0.6289190453907346,
    "Cosine Dist.": 0.25308187548906425
  },
  "occ_eval_res": {
    "precision": 80.0,
    "recall": 34.632,
    "f-score": 48.3384
  },
  "clean_eval": {
    "f-score": 44.51219512195122,
    "precision": 31.877729257641924,
    "recall": 73.73737373737373,
    "tp": 73,
    "fp": 156,
    "fn": 26
  },
  "jaccard": [
    0.6048109965635738
  ],
  "braycurtis": [
    0.46965271015903926
  ],
  "dice": [
    0.43349753694581283
  ],
  "cosinus": [
    0.35048517080062813
  ]
}