{
  "voc_eval_res": {
    "precision": 43.0769,
    "recall": 33.0709,
    "f-score": 37.4165
  },
  "KL_res": {
    "KL divergence": 1.2662133269241436,
    "Euclidean Dist.": 0.07289559684135796,
    "WER": 0.7292490118577075,
    "CER": 0.5508620689655173,
    "Cosine Dist.": 0.03669869930885428
  },
  "occ_eval_res": {
    "precision": 57.9151,
    "recall": 59.2885,
    "f-score": 58.5938
  },
  "clean_eval": {
    "f-score": 13.121693121693124,
    "precision": 13.052631578947368,
    "recall": 13.191489361702127,
    "tp": 62,
    "fp": 413,
    "fn": 408
  },
  "jaccard": [
    0.44143613890523836
  ],
  "braycurtis": [
    0.16787930665525358
  ],
  "dice": [
    0.28323262839879154
  ],
  "cosinus": [
    0.021702020757528806
  ]
}