{
  "voc_eval_res": {
    "precision": 74.5421,
    "recall": 59.8529,
    "f-score": 66.3948
  },
  "KL_res": {
    "KL divergence": 0.6286992798979875,
    "Euclidean Dist.": 0.03898448837550887,
    "WER": 0.4401840490797546,
    "CER": 0.2816258449653235,
    "Cosine Dist.": 0.02612632910264423
  },
  "occ_eval_res": {
    "precision": 74.8991,
    "recall": 71.1656,
    "f-score": 72.9847
  },
  "clean_eval": {
    "f-score": 64.03547671840354,
    "precision": 62.56499133448874,
    "recall": 65.57674841053588,
    "tp": 722,
    "fp": 432,
    "fn": 379
  },
  "jaccard": [
    0.2880904856952761
  ],
  "braycurtis": [
    0.08850489013639752
  ],
  "dice": [
    0.16828604741546832
  ],
  "cosinus": [
    0.005665504077359884
  ]
}