{
  "voc_eval_res": {
    "precision": 68.4211,
    "recall": 29.5455,
    "f-score": 41.2698
  },
  "KL_res": {
    "KL divergence": 3.1075964142866,
    "Euclidean Dist.": 0.35009232495365566,
    "WER": 0.6625,
    "CER": 0.39438700147710487,
    "Cosine Dist.": 0.30765316103225937
  },
  "occ_eval_res": {
    "precision": 56.6038,
    "recall": 37.5,
    "f-score": 45.1128
  },
  "clean_eval": {
    "f-score": 45.0,
    "precision": 39.130434782608695,
    "recall": 52.94117647058824,
    "tp": 27,
    "fp": 42,
    "fn": 24
  },
  "jaccard": [
    0.5304347826086957
  ],
  "braycurtis": [
    0.2401673640167364
  ],
  "dice": [
    0.3609467455621302
  ],
  "cosinus": [
    0.06778515944358543
  ]
}