{
  "voc_eval_res": {
    "precision": 50.7538,
    "recall": 9.7022,
    "f-score": 16.2903
  },
  "KL_res": {
    "KL divergence": 3.1512267972522494,
    "Euclidean Dist.": 0.16534950172097887,
    "WER": 0.9105793450881612,
    "CER": 0.7375773932370218,
    "Cosine Dist.": 0.43786387635780744
  },
  "occ_eval_res": {
    "precision": 43.4783,
    "recall": 18.8917,
    "f-score": 26.3389
  },
  "clean_eval": {
    "f-score": 7.8590785907859075,
    "precision": 5.678851174934726,
    "recall": 12.756598240469208,
    "tp": 87,
    "fp": 1445,
    "fn": 595
  },
  "jaccard": [
    0.7055101502768257
  ],
  "braycurtis": [
    0.4482321899736148
  ],
  "dice": [
    0.545010183299389
  ],
  "cosinus": [
    0.18313141580107162
  ]
}